{
    "que": 62,
    "o": 43,
    "a": 21,
    "forte": 15,
    "e": 14,
    "": 14,
    "sol": 10,
    "neve": 9,
    "pezinho": 9,
    "meu": 9,
    "muro": 9,
    "tu": 8,
    "\u00e9s": 8,
    "t\u00e3o": 8,
    "rato": 8,
    "formiga": 7,
    "mais": 7,
    "eu": 7,
    "\u00e9": 7,
    "me": 7,
    "tapa": 7,
    "derrete": 7,
    "r\u00f3i": 7,
    "gato": 7,
    "de": 6,
    "para": 6,
    "come": 6,
    "desprenda": 5,
    "c\u00e3o": 5,
    "persegue": 5,
    "homem": 5,
    "morte": 5,
    "respondeu": 4,
    "formiguinha": 4,
    "quase": 4,
    "perguntou": 4,
    "bate": 4,
    "seu": 3,
    "ent\u00e3o": 3,
    "pobre": 3,
    "sem": 3,
    "ao": 3,
    "desprende": 3,
    "no": 3,
    "deus": 3,
    "inverno": 2,
    "um": 2,
    "vendo": 2,
    "olhou": 2,
    "pediu": 2,
    "estava": 2,
    "do": 2,
    "mata": 2,
    "morrendo": 2,
    "as": 2,
    "flores": 2,
    "os": 2,
    "onde": 2,
    "numa": 1,
    "certa": 1,
    "manh\u00e3": 1,
    "uma": 1,
    "sa\u00eda": 1,
    "trabalho": 1,
    "di\u00e1rio": 1,
    "j\u00e1": 1,
    "ia": 1,
    "longe": 1,
    "procurar": 1,
    "comida": 1,
    "quando": 1,
    "floco": 1,
    "caiu": 1,
    "prendendo": 1,
    "aflita": 1,
    "ali": 1,
    "poderia": 1,
    "morrer": 1,
    "fome": 1,
    "frio": 1,
    "derreta": 1,
    "indiferente": 1,
    "disse": 1,
    "tampa": 1,
    "rapidamente": 1,
    "f\u00f4lego": 1,
    "falou": 1,
    "bem": 1,
    "r\u00e1pido": 1,
    "responde": 1,
    "demora": 1,
    "cansada": 1,
    "mesmo": 1,
    "assim": 1,
    "for\u00e7a": 1,
    "tr\u00eamula": 1,
    "medo": 1,
    "olhando": 1,
    "se": 1,
    "aproximava": 1,
    "suplicou": 1,
    "\u00f3": 1,
    "matas": 1,
    "impass\u00edvel": 1,
    "governa": 1,
    "rezou": 1,
    "baixinho": 1,
    "governas": 1,
    "ouve": 1,
    "todas": 1,
    "preces": 1,
    "\u00e0": 1,
    "primavera": 1,
    "chegasse": 1,
    "com": 1,
    "carro": 1,
    "dourado": 1,
    "triunfal": 1,
    "enchendo": 1,
    "campos": 1,
    "luz": 1,
    "caminhos": 1,
    "levoua": 1,
    "lugar": 1,
    "n\u00e3o": 1,
    "h\u00e1": 1,
    "nem": 1,
    "ver\u00e3o": 1,
    "permanecem": 1,
    "sempre": 1
}